requests,numThread,cacheSize,hitRatio,throughput,hitLatency
49999,20-thread,10000,0.00734015,149.537,6.69
49999,72-thread,10000,0.00192004,147.167,6.80
